Keywords,Commands
menu,menu
features,menu
commands,menu
options,menu
capabilities,menu
whatcanyoudo,menu
facs,fac
faculty,fac
faculties,fac
program,fac
programs,fac
major,fac
majors,fac
specialization,fac
specializations,fac
department,fac
departments,fac
course,fac
courses,fac
where,where
location,where
campus,where
campuses,where
place,where
map,where
address,where
building,where
contact,contact
contacting,contact
contacts,contact
phone,contact
email,contact
hotline,contact
number,contact
support,contact
helpdesk,contact
grades,grades
grade,grades
results,grades
result,grades
marks,grades
mark,grades
scores,grades
score,grades
gpa,gpa
cgpa,gpa
calculate,gpa
calculation,gpa
average,gpa
performance,gpa
ranking,gpa
stats,stats
statistics,stats
usage,stats
history,stats
summary,stats
report,stats
path,path
plan,path
plans,path
study,path
track,path
tracks,path
curriculum,path
subjects,path
schedule,path
hi,greet
hii,greet
hiii,greet
hello,greet
hey,greet
heyy,greet
heyyy,greet
hola,greet
greetings,greet
morning,greet
goodmorning,greet
goodafternoon,greet
goodevening,greet
greetings,greet
wassup,greet
